"1","2"
"7","4"
"1","1","Testdoc.doc","A Comment",,"archived","2017-04-13 09:56:26","2017-04-13 10:22:00"
"7","1","Holiday Policy","Company holiday policy issued to all Employees","../file directory/Holiday Policy.doc/","draft","2017-04-13 10:46:58","2017-04-13 10:59:24"
"8","1","New Start Form","New Start Form","../file directory/New Start Form.doc/","archived","2017-04-13 11:02:28","2017-04-13 11:02:28"
"9","1","New Start Contract","Terms and conditions of Employment","../file directory/New Start Contract.gdoc/","draft","2017-04-13 11:02:59","2017-04-13 11:02:59"
"10","2","Holiday Request Form","Staff Holiday Request Form","../file directory/Holiday Request Form.xlsx/","draft","2017-04-13 11:03:25","2017-04-13 11:03:25"
"11","1","Office Induction","New Start Office Induction Form","../file directory/Office Induction.doc/","archived","2017-04-13 11:05:05","2017-04-13 11:05:05"
"12","2","Desk Space Setup","A Quick Intro to Setting up Desk Space and using Computer for the First Time","../file directory/Desk Space Setup.txt/","draft","2017-04-13 11:06:51","2017-04-13 11:06:51"
"13","2","index","A HTML Homepage Template for setting up a Web Project","../file directory/index.html/","draft","2017-04-13 11:07:48","2017-04-13 11:07:48"
"14","1","stylesheet","A CSS Template for setting up a Web Project","../file directory/stylesheet.css/","draft","2017-04-13 11:08:35","2017-04-13 11:08:35"
"15","1","connection","A PHP Template Connection to the Local Database when Developing a Project","../file directory/connection.php/","draft","2017-04-13 11:09:54","2017-04-13 11:09:54"
"16","3","Five A Side","Five a Side Football Signup Sheet","../file directory/Five A Side.xlsx/","draft","2017-04-13 11:12:42","2017-04-13 11:12:42"
"17","4","Fantasy Rugby Team","Form for the Office Fantasy Rugby Contest","../file directory/Fantasy Rugby Team.xlsx/","draft","2017-04-13 11:13:21","2017-04-13 11:13:21"
"18","3","Staff Night Out","Suggestions of Dates and Locations for the Staff Night Out","../file directory/Staff Night Out.xlsx/","draft","2017-04-13 11:14:52","2017-04-13 11:14:52"
"19","1","index.php",,"../file directory/../file directory/index.php/","draft","0000-00-00 00:00:00","0000-00-00 00:00:00"
"20","1","Holiday Policy 1","Holiday Policy for new starts","../file directory/Holiday Policy 1.doc/","active","2017-04-13 12:05:42","2017-04-13 12:06:23"
"21","1","s1 report 1.docx",,"../file directory/../file directory/s1 report 1.docx/","draft","0000-00-00 00:00:00","0000-00-00 00:00:00"
"2","4","You have been added as a distributee to the document with id: 7"
"1","7","1","2017-04-13 10:47:22",
"4","7","1","2017-04-13 10:51:00","../file directory/Holiday Policy.doc/Holiday "
"5","7","1","2017-04-13 10:51:10","../file directory/Holiday Policy.doc/Holiday "
"6","7","1","2017-04-13 10:53:02","../file directory/Holiday Policy.doc/Holiday "
"7","19","1","0000-00-00 00:00:00","../file directory/../file directory/index.php"
"8","7","1","2017-04-13 12:22:32","../file directory/Holiday Policy.doc/Holiday "
"1","Alan Thomas","Moore","amoore204@caledonian.ac.uk","amoore204","P455w0rd","1","1","2017-04-13 09:51:56"
"2","Will","Brett","wbrett200@caledonian.ac.uk","wbrett200","Password","1","1","0000-00-00 00:00:00"
"3","David","Burnett","dburn201@caledonian.ac.uk","dburn201","Password","1","0","0000-00-00 00:00:00"
"4","Andreas","Tzyrkalli","atzyrk200@caledonian.ac.uk","atzyrk200","Password","1","0","0000-00-00 00:00:00"
"5","Scott","Brunton","sbrunt200@caledonian.ac.uk","sbrunt200","Password","1","0","0000-00-00 00:00:00"
